{"stats":{"minecraft:mined":{"minecraft:flowering_azalea":2,"minecraft:short_grass":2,"minecraft:tall_grass":1,"minecraft:chiseled_sandstone":4,"minecraft:cave_vines":2,"minecraft:oak_sign":2,"minecraft:azalea":1},"minecraft:crafted":{"minecraft:netherite_sword":1},"minecraft:dropped":{"minecraft:netherite_pickaxe":10,"minecraft:diamond_axe":1,"minecraft:ender_pearl":20,"minecraft:gray_glazed_terracotta":128,"minecraft:lime_shulker_box":12,"minecraft:netherite_sword":4,"minecraft:diamond_leggings":1,"minecraft:netherite_chestplate":1,"minecraft:netherite_axe":8,"minecraft:netherite_helmet":4,"minecraft:brown_glazed_terracotta":1249,"minecraft:iron_helmet":1,"minecraft:totem_of_undying":50,"minecraft:elytra":1,"minecraft:golden_apple":64,"minecraft:netherite_leggings":2,"minecraft:black_glazed_terracotta":896,"minecraft:diamond_sword":2,"minecraft:lime_glazed_terracotta":256,"minecraft:diamond_chestplate":3,"minecraft:netherite_boots":3,"minecraft:diamond_helmet":1,"minecraft:iron_axe":1},"minecraft:custom":{"minecraft:interact_with_smithing_table":1,"minecraft:interact_with_anvil":1,"minecraft:open_shulker_box":19,"minecraft:interact_with_grindstone":1,"minecraft:leave_game":35,"minecraft:time_since_death":89755,"minecraft:climb_one_cm":16241,"minecraft:time_since_rest":89818,"minecraft:damage_absorbed":304,"minecraft:sprint_one_cm":352641,"minecraft:open_enderchest":3,"minecraft:damage_taken":3108,"minecraft:walk_one_cm":282152,"minecraft:drop":104,"minecraft:damage_dealt":1660,"minecraft:damage_dealt_absorbed":1118,"minecraft:swim_one_cm":174,"minecraft:fly_one_cm":6515956,"minecraft:crouch_one_cm":13325,"minecraft:play_time":523885,"minecraft:deaths":2,"minecraft:sneak_time":6773,"minecraft:walk_under_water_one_cm":1694,"minecraft:jump":2378,"minecraft:walk_on_water_one_cm":399,"minecraft:total_world_time":523885,"minecraft:fall_one_cm":25862},"minecraft:picked_up":{"minecraft:netherite_boots":4,"minecraft:wheat":1,"minecraft:red_glazed_terracotta":2,"minecraft:potato":5,"minecraft:ancient_debris":1,"minecraft:golden_sword":1,"minecraft:iron_axe":1,"minecraft:oak_sign":2,"minecraft:beetroot":1,"minecraft:diamond_leggings":3,"minecraft:wheat_seeds":3,"minecraft:netherite_sword":4,"minecraft:black_glazed_terracotta":244,"minecraft:netherite_axe":3,"minecraft:diamond_helmet":1,"minecraft:iron_pickaxe":1,"minecraft:flowering_azalea":2,"minecraft:lime_glazed_terracotta":832,"minecraft:lime_shulker_box":62,"minecraft:dark_oak_slab":6,"minecraft:gray_glazed_terracotta":48,"minecraft:brown_glazed_terracotta":1604,"minecraft:carrot":8,"minecraft:netherite_pickaxe":8,"minecraft:diamond_chestplate":4,"minecraft:beetroot_seeds":2,"minecraft:netherite_helmet":2,"minecraft:iron_helmet":1,"minecraft:diamond_boots":1,"minecraft:golden_apple":1,"minecraft:totem_of_undying":81,"minecraft:white_shulker_box":1,"minecraft:ender_pearl":16},"minecraft:used":{"minecraft:short_grass":1,"minecraft:wheat_seeds":1,"minecraft:dark_oak_stairs":65,"minecraft:netherite_sword":182,"minecraft:dirt_path":1,"minecraft:cartography_table":2,"minecraft:blackstone":1,"minecraft:ender_pearl":33,"minecraft:spruce_planks":6,"minecraft:cherry_planks":32,"minecraft:sculk":16,"minecraft:white_shulker_box":3,"minecraft:conduit":2,"minecraft:golden_apple":1,"minecraft:anvil":1,"minecraft:netherite_leggings":1,"minecraft:carrot":1,"minecraft:netherite_helmet":2,"minecraft:diamond_helmet":1,"minecraft:lime_shulker_box":55,"minecraft:golden_chestplate":1,"minecraft:end_stone":13,"minecraft:wooden_hoe":7,"minecraft:dark_oak_planks":394,"minecraft:stone_brick_slab":57,"minecraft:diamond_pickaxe":4,"minecraft:flowering_azalea":2,"minecraft:black_wool":6,"minecraft:netherite_shovel":6,"minecraft:bricks":150,"minecraft:daylight_detector":11,"minecraft:chiseled_sandstone":1,"minecraft:grass_block":3,"minecraft:barrier":1,"minecraft:smooth_sandstone":18,"minecraft:netherite_hoe":2,"minecraft:dark_oak_slab":141,"minecraft:totem_of_undying":8,"minecraft:lilac":8,"minecraft:stone_brick_stairs":30,"minecraft:stone_bricks":162,"minecraft:golden_helmet":1,"minecraft:grindstone":1,"minecraft:smithing_table":1,"minecraft:podzol":2,"minecraft:beetroot_seeds":1,"minecraft:potato":6,"minecraft:cobweb":6}},"DataVersion":3700}