{"stats":{"minecraft:mined":{"minecraft:netherite_block":131,"minecraft:cherry_planks":9860,"minecraft:chiseled_sandstone":288,"minecraft:copper_block":2,"minecraft:bamboo_mosaic":129},"minecraft:broken":{"minecraft:netherite_axe":1},"minecraft:dropped":{"minecraft:red_glazed_terracotta":20,"minecraft:netherite_pickaxe":2,"minecraft:stone_sword":1,"minecraft:netherite_axe":1,"minecraft:brown_glazed_terracotta":17,"minecraft:stone_shovel":1,"minecraft:enchanted_golden_apple":3,"minecraft:stone_pickaxe":1,"minecraft:iron_pickaxe":1,"minecraft:golden_apple":244,"minecraft:black_glazed_terracotta":1000},"minecraft:killed_by":{"minecraft:player":2},"minecraft:custom":{"minecraft:time_since_rest":25817,"minecraft:walk_one_cm":355172,"minecraft:sprint_one_cm":347114,"minecraft:open_enderchest":21,"minecraft:damage_taken":1427,"minecraft:damage_absorbed":287,"minecraft:drop":35,"minecraft:damage_dealt":1207,"minecraft:damage_dealt_absorbed":198,"minecraft:player_kills":3,"minecraft:fly_one_cm":444562,"minecraft:crouch_one_cm":1859,"minecraft:play_time":100123,"minecraft:deaths":5,"minecraft:sneak_time":543,"minecraft:jump":1963,"minecraft:leave_game":1,"minecraft:time_since_death":25744,"minecraft:walk_on_water_one_cm":80,"minecraft:total_world_time":100123,"minecraft:climb_one_cm":10041,"minecraft:damage_resisted":131,"minecraft:fall_one_cm":71210},"minecraft:picked_up":{"minecraft:red_glazed_terracotta":20,"minecraft:brown_glazed_terracotta":58,"minecraft:netherite_pickaxe":2,"minecraft:stone_sword":3,"minecraft:stone_shovel":3,"minecraft:stone_axe":1,"minecraft:black_glazed_terracotta":434,"minecraft:stone_pickaxe":1,"minecraft:golden_apple":218,"minecraft:netherite_axe":2,"minecraft:enchanted_golden_apple":2,"minecraft:iron_pickaxe":2},"minecraft:used":{"minecraft:diamond_pickaxe":68,"minecraft:stone_sword":9,"minecraft:iron_axe":129,"minecraft:stone_pickaxe":49,"minecraft:iron_pickaxe":200,"minecraft:netherite_axe":9864,"minecraft:golden_apple":11,"minecraft:netherite_pickaxe":107,"minecraft:enchanted_golden_apple":2,"minecraft:golden_pickaxe":130}},"DataVersion":3700}