{"stats":{"minecraft:dropped":{"minecraft:stone_axe":1,"minecraft:red_glazed_terracotta":49,"minecraft:ancient_debris":9,"minecraft:stone_pickaxe":1,"minecraft:stone_sword":1,"minecraft:stone_shovel":1,"minecraft:brown_glazed_terracotta":1254},"minecraft:used":{"minecraft:golden_apple":6,"minecraft:netherite_sword":64,"minecraft:stone_pickaxe":2,"minecraft:netherite_pickaxe":1301},"minecraft:custom":{"minecraft:time_since_rest":5911,"minecraft:damage_taken":849,"minecraft:crouch_one_cm":2456,"minecraft:walk_one_cm":31395,"minecraft:sprint_one_cm":83219,"minecraft:play_time":18468,"minecraft:open_enderchest":4,"minecraft:damage_absorbed":204,"minecraft:deaths":2,"minecraft:sneak_time":441,"minecraft:walk_under_water_one_cm":667,"minecraft:drop":28,"minecraft:jump":454,"minecraft:damage_dealt":517,"minecraft:leave_game":4,"minecraft:time_since_death":5889,"minecraft:walk_on_water_one_cm":346,"minecraft:total_world_time":18468,"minecraft:climb_one_cm":1619,"minecraft:damage_dealt_absorbed":152,"minecraft:fall_one_cm":16818,"minecraft:fly_one_cm":83847},"minecraft:mined":{"minecraft:chiseled_sandstone":1254,"minecraft:ancient_debris":49},"minecraft:picked_up":{"minecraft:netherite_boots":1,"minecraft:diamond_chestplate":1,"minecraft:netherite_helmet":2,"minecraft:diamond_leggings":1,"minecraft:netherite_sword":2,"minecraft:golden_apple":124,"minecraft:netherite_axe":2,"minecraft:ancient_debris":9,"minecraft:netherite_chestplate":1,"minecraft:netherite_pickaxe":2,"minecraft:netherite_leggings":1,"minecraft:elytra":1}},"DataVersion":3700}