{"stats":{"minecraft:dropped":{"minecraft:red_glazed_terracotta":768,"minecraft:netherite_pickaxe":11,"minecraft:glass_bottle":1,"minecraft:lime_shulker_box":6,"minecraft:netherite_sword":9,"minecraft:netherite_chestplate":2,"minecraft:diamond_leggings":4,"minecraft:netherite_axe":7,"minecraft:netherite_helmet":8,"minecraft:dark_oak_slab":6,"minecraft:brown_glazed_terracotta":12,"minecraft:enchanted_golden_apple":82,"minecraft:totem_of_undying":7,"minecraft:elytra":2,"minecraft:golden_apple":192,"minecraft:netherite_leggings":2,"minecraft:diamond_sword":1,"minecraft:red_shulker_box":1,"minecraft:lime_glazed_terracotta":2368,"minecraft:diamond_chestplate":4,"minecraft:netherite_boots":7,"minecraft:yellow_glazed_terracotta":577,"minecraft:diamond_helmet":2,"minecraft:diamond_boots":1,"minecraft:blue_glazed_terracotta":449,"minecraft:iron_axe":1},"minecraft:killed_by":{"minecraft:player":4},"minecraft:used":{"minecraft:short_grass":6,"minecraft:moss_block":3,"minecraft:trident":4,"minecraft:netherite_sword":323,"minecraft:dirt_path":9,"minecraft:netherite_chestplate":3,"minecraft:light_gray_carpet":1,"minecraft:chest":1,"minecraft:blackstone":2,"minecraft:ender_pearl":23,"minecraft:spruce_planks":7,"minecraft:shield":22,"minecraft:ender_chest":14,"minecraft:redstone_block":3,"minecraft:sculk":92,"minecraft:golden_apple":10,"minecraft:netherite_leggings":3,"minecraft:magenta_bed":1,"minecraft:twisting_vines":5,"minecraft:netherite_helmet":3,"minecraft:lime_shulker_box":9,"minecraft:end_stone":30,"minecraft:mushroom_stem":1,"minecraft:warden_spawn_egg":5,"minecraft:netherite_block":12,"minecraft:stone_brick_slab":5,"minecraft:piston":3,"minecraft:black_wool":14,"minecraft:bricks":1,"minecraft:chiseled_sandstone":3,"minecraft:red_wool":79,"minecraft:iron_axe":9,"minecraft:grass_block":4,"minecraft:smooth_sandstone":1,"minecraft:brown_stained_glass":1,"minecraft:stone_button":1,"minecraft:spruce_trapdoor":84,"minecraft:oak_pressure_plate":7,"minecraft:totem_of_undying":10,"minecraft:stone_bricks":4,"minecraft:netherite_boots":3,"minecraft:potion":1,"minecraft:tall_grass":7,"minecraft:hay_block":18,"minecraft:scaffolding":1,"minecraft:podzol":9,"minecraft:andesite":1,"minecraft:drowned_spawn_egg":1,"minecraft:netherite_pickaxe":234,"minecraft:stripped_oak_log":3,"minecraft:chorus_plant":2,"minecraft:sculk_catalyst":23,"minecraft:enchanted_golden_apple":39,"minecraft:cobweb":5},"minecraft:custom":{"minecraft:interact_with_furnace":2,"minecraft:open_barrel":1,"minecraft:open_shulker_box":13,"minecraft:leave_game":4,"minecraft:time_since_death":55,"minecraft:climb_one_cm":8774,"minecraft:damage_resisted":1577,"minecraft:time_since_rest":99,"minecraft:damage_absorbed":4269,"minecraft:sprint_one_cm":372612,"minecraft:open_enderchest":21,"minecraft:damage_taken":6031,"minecraft:walk_one_cm":290801,"minecraft:damage_blocked_by_shield":3523,"minecraft:drop":1177,"minecraft:damage_dealt":3611,"minecraft:damage_dealt_absorbed":1063,"minecraft:swim_one_cm":788,"minecraft:fly_one_cm":2104519,"minecraft:player_kills":8,"minecraft:open_chest":1,"minecraft:crouch_one_cm":9697,"minecraft:play_time":223954,"minecraft:deaths":10,"minecraft:sneak_time":5889,"minecraft:walk_under_water_one_cm":594,"minecraft:jump":1724,"minecraft:walk_on_water_one_cm":500,"minecraft:total_world_time":223954,"minecraft:fall_one_cm":290982},"minecraft:mined":{"minecraft:blackstone":1,"minecraft:short_grass":5,"minecraft:bamboo_mosaic":6,"minecraft:dark_oak_slab":3,"minecraft:chiseled_sandstone":225,"minecraft:ancient_debris":8},"minecraft:broken":{"minecraft:shield":1,"minecraft:netherite_helmet":1},"minecraft:picked_up":{"minecraft:netherite_boots":2,"minecraft:iron_chestplate":1,"minecraft:red_glazed_terracotta":348,"minecraft:golden_leggings":1,"minecraft:diamond_sword":3,"minecraft:ancient_debris":4,"minecraft:yellow_glazed_terracotta":414,"minecraft:netherite_leggings":1,"minecraft:string":1,"minecraft:elytra":1,"minecraft:iron_axe":2,"minecraft:iron_leggings":1,"minecraft:twisting_vines":3,"minecraft:blackstone":1,"minecraft:diamond_leggings":2,"minecraft:black_glazed_terracotta":64,"minecraft:netherite_sword":5,"minecraft:netherite_axe":6,"minecraft:iron_pickaxe":1,"minecraft:diamond_helmet":2,"minecraft:iron_sword":1,"minecraft:flowering_azalea":1,"minecraft:lime_glazed_terracotta":1231,"minecraft:lime_shulker_box":20,"minecraft:dark_oak_slab":6,"minecraft:brown_glazed_terracotta":2,"minecraft:stone_button":1,"minecraft:netherite_pickaxe":10,"minecraft:golden_chestplate":2,"minecraft:diamond_chestplate":2,"minecraft:blue_glazed_terracotta":152,"minecraft:netherite_helmet":6,"minecraft:diamond_boots":1,"minecraft:diamond_axe":1,"minecraft:netherite_chestplate":1,"minecraft:light_gray_carpet":1,"minecraft:cobblestone":27}},"DataVersion":3700}