{"stats":{"minecraft:used":{"minecraft:netherite_sword":183,"minecraft:end_stone_bricks":1,"minecraft:netherite_chestplate":45,"minecraft:elytra":45,"minecraft:iron_chestplate":1,"minecraft:golden_apple":64,"minecraft:dirt":1,"minecraft:ancient_debris":2,"minecraft:twisting_vines":1,"minecraft:azure_bluet":1,"minecraft:red_shulker_box":1,"minecraft:diamond_pickaxe":40,"minecraft:firework_rocket":42,"minecraft:daylight_detector":1,"minecraft:red_wool":1,"minecraft:iron_axe":100,"minecraft:iron_pickaxe":137,"minecraft:netherite_axe":1523,"minecraft:netherite_boots":1,"minecraft:cobblestone":1,"minecraft:golden_sword":28,"minecraft:diamond_sword":56,"minecraft:scaffolding":12,"minecraft:sweet_berries":2,"minecraft:netherite_pickaxe":1151,"minecraft:potato":1,"minecraft:enchanted_golden_apple":8,"minecraft:golden_axe":308,"minecraft:golden_pickaxe":9},"minecraft:picked_up":{"minecraft:end_stone_bricks":1,"minecraft:netherite_boots":6,"minecraft:azure_bluet":1,"minecraft:red_glazed_terracotta":768,"minecraft:diamond_sword":2,"minecraft:potato":32,"minecraft:yellow_glazed_terracotta":385,"minecraft:ancient_debris":11,"minecraft:netherite_leggings":2,"minecraft:dirt":1,"minecraft:elytra":1,"minecraft:twisting_vines":1,"minecraft:diamond_leggings":4,"minecraft:netherite_sword":8,"minecraft:black_glazed_terracotta":2,"minecraft:netherite_axe":8,"minecraft:diamond_helmet":1,"minecraft:enchanted_golden_apple":82,"minecraft:lime_glazed_terracotta":1837,"minecraft:scaffolding":12,"minecraft:daylight_detector":1,"minecraft:sweet_berries":2,"minecraft:red_wool":1,"minecraft:brown_glazed_terracotta":12,"minecraft:netherite_pickaxe":11,"minecraft:red_shulker_box":2,"minecraft:diamond_chestplate":5,"minecraft:blue_glazed_terracotta":448,"minecraft:netherite_helmet":8,"minecraft:iron_helmet":1,"minecraft:golden_apple":192,"minecraft:totem_of_undying":4,"minecraft:netherite_chestplate":2,"minecraft:cobblestone":11},"minecraft:killed_by":{"minecraft:player":8},"minecraft:dropped":{"minecraft:red_glazed_terracotta":414,"minecraft:iron_sword":1,"minecraft:netherite_pickaxe":5,"minecraft:ancient_debris":9,"minecraft:golden_chestplate":2,"minecraft:netherite_sword":4,"minecraft:diamond_leggings":3,"minecraft:netherite_axe":6,"minecraft:netherite_helmet":4,"minecraft:brown_glazed_terracotta":5,"minecraft:iron_helmet":1,"minecraft:cobblestone":10,"minecraft:black_glazed_terracotta":66,"minecraft:diamond_sword":2,"minecraft:potato":31,"minecraft:lime_glazed_terracotta":1404,"minecraft:diamond_chestplate":4,"minecraft:iron_chestplate":1,"minecraft:yellow_glazed_terracotta":225,"minecraft:golden_leggings":1,"minecraft:netherite_boots":2,"minecraft:diamond_helmet":1,"minecraft:golden_sword":1,"minecraft:iron_leggings":1,"minecraft:diamond_boots":1,"minecraft:blue_glazed_terracotta":258,"minecraft:iron_axe":1,"minecraft:iron_pickaxe":1},"minecraft:mined":{"minecraft:netherite_block":26,"minecraft:light_gray_carpet":1,"minecraft:scaffolding":10,"minecraft:red_shulker_box":1,"minecraft:cherry_planks":1194,"minecraft:red_wool":1,"minecraft:twisting_vines_plant":1,"minecraft:short_grass":2,"minecraft:bamboo_mosaic":736,"minecraft:brown_stained_glass":1,"minecraft:chiseled_sandstone":712,"minecraft:copper_block":441,"minecraft:azure_bluet":1,"minecraft:potatoes":1,"minecraft:dirt":1,"minecraft:end_stone_bricks":1,"minecraft:stone":44,"minecraft:ancient_debris":103,"minecraft:tripwire":1,"minecraft:daylight_detector":1},"minecraft:custom":{"minecraft:interact_with_furnace":1,"minecraft:open_shulker_box":2,"minecraft:leave_game":5,"minecraft:time_since_death":38005,"minecraft:climb_one_cm":30095,"minecraft:damage_resisted":813,"minecraft:time_since_rest":38080,"minecraft:damage_taken":4751,"minecraft:open_enderchest":30,"minecraft:sprint_one_cm":418957,"minecraft:walk_one_cm":237727,"minecraft:damage_absorbed":1214,"minecraft:trigger_trapped_chest":1,"minecraft:drop":102,"minecraft:damage_dealt":3403,"minecraft:player_kills":4,"minecraft:damage_dealt_absorbed":1587,"minecraft:fly_one_cm":951546,"minecraft:open_chest":3,"minecraft:crouch_one_cm":85750,"minecraft:play_time":170076,"minecraft:deaths":16,"minecraft:sneak_time":15626,"minecraft:walk_under_water_one_cm":1970,"minecraft:aviate_one_cm":571290,"minecraft:jump":3455,"minecraft:walk_on_water_one_cm":106,"minecraft:total_world_time":170076,"minecraft:fall_one_cm":111411}},"DataVersion":3700}