{"stats":{"minecraft:used":{"minecraft:stone_pickaxe":23,"minecraft:iron_pickaxe":265},"minecraft:custom":{"minecraft:jump":242,"minecraft:time_since_rest":9440,"minecraft:crouch_one_cm":3122,"minecraft:leave_game":1,"minecraft:sprint_one_cm":26959,"minecraft:play_time":9440,"minecraft:damage_taken":31,"minecraft:time_since_death":9440,"minecraft:walk_one_cm":32974,"minecraft:sneak_time":635,"minecraft:climb_one_cm":504,"minecraft:total_world_time":9440,"minecraft:fall_one_cm":9598,"minecraft:fly_one_cm":65966},"minecraft:mined":{"minecraft:chiseled_sandstone":288}},"DataVersion":3700}