{"stats":{"minecraft:dropped":{"minecraft:netherite_pickaxe":5,"minecraft:stone_sword":1,"minecraft:diamond_chestplate":4,"minecraft:gray_glazed_terracotta":48,"minecraft:stone_shovel":1,"minecraft:netherite_boots":3,"minecraft:netherite_sword":2,"minecraft:diamond_leggings":2,"minecraft:netherite_axe":3,"minecraft:netherite_helmet":2,"minecraft:brown_glazed_terracotta":1002,"minecraft:iron_pickaxe":1,"minecraft:golden_apple":311,"minecraft:firework_rocket":1,"minecraft:black_glazed_terracotta":244},"minecraft:used":{"minecraft:netherite_sword":205,"minecraft:firework_rocket":99,"minecraft:netherite_chestplate":10,"minecraft:elytra":11,"minecraft:iron_pickaxe":65,"minecraft:netherite_axe":8232,"minecraft:ender_pearl":13,"minecraft:spruce_planks":1,"minecraft:black_glazed_terracotta":6,"minecraft:totem_of_undying":5,"minecraft:diamond_chestplate":1,"minecraft:golden_apple":39,"minecraft:netherite_pickaxe":3282},"minecraft:custom":{"minecraft:time_since_rest":10961,"minecraft:damage_absorbed":693,"minecraft:sprint_one_cm":397454,"minecraft:open_enderchest":7,"minecraft:damage_taken":2962,"minecraft:walk_one_cm":246799,"minecraft:drop":63,"minecraft:damage_dealt":1802,"minecraft:damage_dealt_absorbed":357,"minecraft:swim_one_cm":902,"minecraft:fly_one_cm":344569,"minecraft:open_chest":1,"minecraft:crouch_one_cm":2256,"minecraft:play_time":115649,"minecraft:deaths":5,"minecraft:sneak_time":1297,"minecraft:walk_under_water_one_cm":1524,"minecraft:aviate_one_cm":1419536,"minecraft:jump":1413,"minecraft:leave_game":24,"minecraft:walk_on_water_one_cm":1065,"minecraft:time_since_death":10925,"minecraft:climb_one_cm":13009,"minecraft:total_world_time":115649,"minecraft:fall_one_cm":69976},"minecraft:mined":{"minecraft:spruce_planks":1,"minecraft:cherry_planks":8230,"minecraft:chiseled_sandstone":3342,"minecraft:tall_grass":2,"minecraft:white_shulker_box":1},"minecraft:picked_up":{"minecraft:netherite_boots":4,"minecraft:gray_glazed_terracotta":128,"minecraft:brown_glazed_terracotta":1185,"minecraft:netherite_pickaxe":4,"minecraft:netherite_leggings":1,"minecraft:stone_sword":1,"minecraft:diamond_chestplate":4,"minecraft:stone_shovel":1,"minecraft:netherite_helmet":1,"minecraft:spruce_planks":1,"minecraft:netherite_sword":1,"minecraft:black_glazed_terracotta":896,"minecraft:golden_apple":212,"minecraft:netherite_axe":3,"minecraft:ender_pearl":4}},"DataVersion":3700}