{"stats":{"minecraft:mined":{"minecraft:netherite_block":128,"minecraft:cherry_planks":5275,"minecraft:chiseled_sandstone":640,"minecraft:copper_block":66,"minecraft:bamboo_mosaic":128,"minecraft:ancient_debris":593},"minecraft:broken":{"minecraft:netherite_axe":1},"minecraft:dropped":{"minecraft:stone_axe":2,"minecraft:netherite_pickaxe":2,"minecraft:ancient_debris":1,"minecraft:stone_sword":2,"minecraft:stone_shovel":2,"minecraft:brown_glazed_terracotta":179,"minecraft:stone_pickaxe":1,"minecraft:iron_pickaxe":1},"minecraft:killed_by":{"minecraft:player":3},"minecraft:custom":{"minecraft:time_since_rest":23800,"minecraft:damage_absorbed":268,"minecraft:sprint_one_cm":401303,"minecraft:open_enderchest":21,"minecraft:damage_taken":2305,"minecraft:walk_one_cm":263605,"minecraft:drop":18,"minecraft:damage_dealt":647,"minecraft:swim_one_cm":476,"minecraft:interact_with_crafting_table":3,"minecraft:damage_dealt_absorbed":233,"minecraft:player_kills":2,"minecraft:fly_one_cm":617543,"minecraft:crouch_one_cm":3177,"minecraft:play_time":102826,"minecraft:deaths":7,"minecraft:sneak_time":1103,"minecraft:walk_under_water_one_cm":106,"minecraft:jump":2384,"minecraft:leave_game":3,"minecraft:walk_on_water_one_cm":1324,"minecraft:time_since_death":23758,"minecraft:climb_one_cm":9382,"minecraft:total_world_time":102826,"minecraft:fall_one_cm":86260},"minecraft:used":{"minecraft:diamond_pickaxe":141,"minecraft:stone_sword":1,"minecraft:iron_axe":450,"minecraft:netherite_axe":4894,"minecraft:stone_pickaxe":69,"minecraft:iron_pickaxe":127,"minecraft:iron_chestplate":1,"minecraft:stone_axe":2,"minecraft:golden_apple":29,"minecraft:netherite_pickaxe":1091,"minecraft:golden_pickaxe":63,"minecraft:golden_axe":63},"minecraft:picked_up":{"minecraft:iron_chestplate":1,"minecraft:red_glazed_terracotta":20,"minecraft:brown_glazed_terracotta":90,"minecraft:ancient_debris":135,"minecraft:netherite_pickaxe":3,"minecraft:iron_axe":1,"minecraft:stone_sword":2,"minecraft:stone_shovel":2,"minecraft:stone_axe":2,"minecraft:black_glazed_terracotta":1383,"minecraft:stone_pickaxe":3,"minecraft:golden_apple":184,"minecraft:netherite_axe":2,"minecraft:iron_pickaxe":3,"minecraft:enchanted_golden_apple":2}},"DataVersion":3700}